source,Headline,Link
simpleflying,How The KC-46 Stacks Up Against Legacy Tankers In 2025,https://simpleflying.com/how-the-kc-46-stacks-up-against-legacy-tankers-in-2025/
simpleflying,How Cabin Crew Rest & Sleep On The Boeing 747-8,https://simpleflying.com/how-cabin-crew-rest-sleep-boeing-747-8/
simpleflying,"""Outrageous"": JetBlue A320 Narrowly Avoids Mid-Air Collision With US Military Tanker Over Curaçao",https://simpleflying.com/outrageous-jetblue-a320-avoids-mid-air-collision-us-tanker-curacao/
simpleflying,Trump May Never Fly On New Air Force One As Boeing Delays Delivery To Mid-2028,https://simpleflying.com/trump-never-fly-new-air-force-one-boeing-delays-delivery-mid-2028/
simpleflying,Budget Airlines Accused Of Misleading Passengers On Cabin Bag Prices,https://simpleflying.com/budget-airlines-misleading-passengers-cabin-bag-prices/
simpleflying,What Are The Benefits Of Flying Delta One?,https://simpleflying.com/benefits-flying-delta-one/
simpleflying,Fire Erupts Near Runway After United Boeing 777 Engine Failure At Washington Dulles,https://simpleflying.com/fire-erupts-runway-united-boeing-777-engine-failure-dulles/
simpleflying,Long-Haul Workhorse: These Are British Airways' Top Routes With The Boeing 777,https://simpleflying.com/british-airways-top-boeing-777-routes/
simpleflying,Why Doesn't The Boeing 737 Have Landing Gear Doors?,https://simpleflying.com/boeing-737-no-landing-gear-doors/
simpleflying,Airline Industry On The Verge Of Historic $1 Trillion Revenue This Year,https://simpleflying.com/airline-industry-historic-1-trillion-revenue-this-year/
simpleflying,Over 10 Hours: Delta Air Lines' Longest Boeing 767 Flights,https://simpleflying.com/over-10-hours-delta-air-lines-longest-boeing-767-flights/
simpleflying,Air Canada Slashes Airbus A321XLR Flights On This 9-Hour Route,https://simpleflying.com/air-canada-slashes-airbus-a321xlr-flights-on-this-9-hour-route/
simpleflying,Etihad Airways Cuts This 8-Hour Airbus A321LR Route Before The 1st Flight,https://simpleflying.com/etihad-airways-cuts-this-long-airbus-a321lr-route-before-the-1st-flight/
simpleflying,"Have Plane, Will Fly: Fancy Being On This Bizarre, Multi-Stop Boeing 777 Route?",https://simpleflying.com/have-plane-will-fly-fancy-being-on-this-bizarre-multi-stop-boeing-777-route/
simpleflying,Aer Lingus Adds New 8-Hour Airbus A321 Route To The US,https://simpleflying.com/aer-lingus-adds-new-8-hour-airbus-a321xlr-route-to-the-us/
spacenews,Rocket Lab launches JAXA tech demo satellite,https://spacenews.com/rocket-lab-launches-jaxa-tech-demo-satellite/
spacenews,SpaceX executive confirms interest in an IPO,https://spacenews.com/spacex-executive-confirms-interest-in-an-ipo/
spacenews,Intuitive Machines and Telespazio to collaborate on lunar satellite networks,https://spacenews.com/intuitive-machines-and-telespazio-to-collaborate-on-lunar-satellite-networks/
spacenews,China plans 2026 debut of new rocket for crewed lunar and LEO missions,https://spacenews.com/china-plans-2026-debut-of-new-rocket-for-crewed-lunar-and-leo-missions/
spacenews,Space Force Association unveils virtual ‘National Spacepower Center’ for education and wargaming,https://spacenews.com/space-force-association-unveils-virtual-national-spacepower-center-for-education-and-wargaming/
spacenews,The European space industry’s big merger: lessons for emerging space nations,https://spacenews.com/the-european-space-industrys-big-merger-lessons-for-emerging-space-nations/
spacenews,NASA advances heliophysics mission into next phase,https://spacenews.com/nasa-advances-heliophysics-mission-into-next-phase/
spacenews,Space Force Association unveils virtual ‘National Spacepower Center’ for education and wargaming,https://spacenews.com/space-force-association-unveils-virtual-national-spacepower-center-for-education-and-wargaming/
spacenews,Space Force rolls out new naming scheme for satellites and space weapons,https://spacenews.com/space-force-rolls-out-new-naming-scheme-for-satellites-and-space-weapons/
spacenews,U.S. Air Force Secretary warns China’s space gains are driven by more than copying,https://spacenews.com/u-s-air-force-secretary-warns-chinas-space-gains-are-driven-by-more-than-copying/
spacenews,K2 Space raises $250 million to scale high-power satellite line,https://spacenews.com/k2-space-raises-250-million-to-scale-high-power-satellite-line/
spacenews,"China launches new Guowang satellites, Long March 12A launch and landing attempt date set",https://spacenews.com/china-launches-new-guowang-satellites-long-march-12a-launch-and-landing-attempt-date-set/
spacenews,NASA astrophysics director offers optimistic vision despite budget uncertainty,https://spacenews.com/nasa-astrophysics-director-offers-optimistic-vision-despite-budget-uncertainty/
spacenews,Space Force rolls out new naming scheme for satellites and space weapons,https://spacenews.com/space-force-rolls-out-new-naming-scheme-for-satellites-and-space-weapons/
spacenews,U.S. Air Force Secretary warns China’s space gains are driven by more than copying,https://spacenews.com/u-s-air-force-secretary-warns-chinas-space-gains-are-driven-by-more-than-copying/
spacenews,SpaceX IPO plan sets stage for a surge of other space listings,https://spacenews.com/spacex-ipo-plan-sets-stage-for-a-surge-of-other-space-listings/
spacenews,K2 Space raises $250 million to scale high-power satellite line,https://spacenews.com/k2-space-raises-250-million-to-scale-high-power-satellite-line/
spacenews,BAE Systems wins $16 million DARPA award to advance autonomous satellite tasking,https://spacenews.com/bae-systems-wins-16-million-darpa-award-to-advance-autonomous-satellite-tasking/
spacenews,"GEO satellite refueling a priority for national security, commercial markets, new analysis finds",https://spacenews.com/geo-satellite-refueling-a-priority-for-national-security-commercial-markets-new-analysis-finds/
spacenews,Blue Origin targets four-flight campaign for New Glenn’s path to Space Force certification,https://spacenews.com/blue-origin-targets-four-flight-campaign-for-new-glenns-path-to-space-force-certification/
spacenews,"China launches new TJS satellite, commercial Kinetica-1 lofts 9 spacecraft",https://spacenews.com/china-launches-new-tjs-satellite-commercial-kinetica-1-lofts-9-spacecraft/
spacenews,"China launches 4 times in 4 days, boosting megaconstellation and surveillance assets",https://spacenews.com/china-launches-4-times-in-4-days-boosting-megaconstellation-and-surveillance-assets/
spacenews,SpaceX gets approval to build Starship launch complex at Cape Canaveral,https://spacenews.com/spacex-gets-approval-to-build-starship-launch-complex-at-cape-canaveral/
spacenews,Voyager wins $21 million Air Force contract for AI-driven signals processing,https://spacenews.com/voyager-wins-21-million-air-force-contract-for-ai-driven-signals-processing/
spacenews,Odin Space raises $3 million in seed funding,https://spacenews.com/odin-space-raises-3-million-in-seed-funding/
spacenews,Benchmark demonstrates high-throughput ASCENT thruster in hotfire testing at Edwards Air Force Base,https://spacenews.com/benchmark-demonstrates-high-throughput-ascent-thruster-in-hotfire-testing-at-edwards-air-force-base/
spacenews,Senate committee advances Isaacman nomination a second time,https://spacenews.com/senate-committee-advances-isaacman-nomination-a-second-time/
spacenews,How Spain and Poland pushed Europe’s new priorities with record contributions,https://spacenews.com/how-spain-and-poland-pushed-europes-new-priorities-with-record-contributions/
spacenews,Study quantifies costs of EU Space Act to European and U.S. companies,https://spacenews.com/study-quantifies-costs-of-eu-space-act-to-european-and-u-s-companies/
spacenews,Report identifies science objectives of human Mars exploration,https://spacenews.com/report-identifies-science-objectives-of-human-mars-exploration/
spacenews,"Colliding space debris produces radio bursts, raising prospect of ‘debris weather’ alerts",https://spacenews.com/colliding-space-debris-produces-radio-bursts-raising-prospect-of-debris-weather-alerts/
spacenews,NASA loses contact with MAVEN Mars orbiter,https://spacenews.com/nasa-loses-contact-with-maven-mars-orbiter/
spacenews,The U.S. race to the moon: Why Plan B cannot wait,https://spacenews.com/the-u-s-race-to-the-moon-why-plan-b-cannot-wait/
spacenews,How multi-agent AI can strengthen space missions against the unknown,https://spacenews.com/how-multi-agent-ai-can-strengthen-space-missions-against-the-unknown/
spacenews,America must stop treating China’s lunar plans as a footrace,https://spacenews.com/america-must-stop-treating-chinas-lunar-plans-as-a-footrace/
spacenews,Building the future of space defense,https://spacenews.com/building-the-future-of-space-defense/
spacenews,The shift that saved American spaceflight,https://spacenews.com/the-shift-that-saved-american-spaceflight/
spacenews,Dec. 5: AMA with the SpaceNews editorial team,https://spacenews.com/dec-5-ama-with-the-spacenews-editorial-team/
spacenews,$106B Ground Segment Market Enters Service‑Driven Era,https://spacenews.com/106b-ground-segment-market-enters-service-driven-era/
spacenews,2025: The Turning Point for Satellite Operators,https://spacenews.com/2025-the-turning-point-for-satellite-operators/
spacenews,Enduralock Validates OneLink™ Prototype in Zero-G Simulation,https://spacenews.com/enduralock-validates-onelink-prototype-in-zero-g-simulation/
spacenews,SCHOTT launches high-performance cover glass for next-generation space solar cells,https://spacenews.com/schott-launches-high-performance-cover-glass-for-next-generation-space-solar-cells/
spacenews,CSF Expands Space Supply Chain Council with Four New Member Companies,https://spacenews.com/csf-expands-space-supply-chain-council-with-four-new-member-companies/
spacenews,Space Debris Conference 2026,https://spacenews.com/event/space-debris-conference-2026/
spacenews,Munich Space Summit,https://spacenews.com/event/munich-space-summit/
spacenews,9th Annual PocketQube Conference,https://spacenews.com/event/9th-annual-pocketqube-conference/
spacenews,NewSpace Africa Conference 2026,https://spacenews.com/event/newspace-africa-conference-2026/
spacenews,USGIF GEOINT Symposium,https://spacenews.com/event/usgif-geoint-symposium/
